{
  "feature_names": [
    "age",
    "sex",
    "cp",
    "trestbps",
    "chol",
    "fbs",
    "restecg",
    "thalach",
    "exang",
    "oldpeak",
    "slope",
    "ca",
    "thal"
  ],
  "importances": [
    0.06708127751465692,
    0.026710343025561512,
    0.1712291737091313,
    0.056540552653269814,
    0.07272805585921849,
    0.0068168213751796,
    0.01966975459153083,
    0.10902212336557338,
    0.07248146999186167,
    0.11120553820635642,
    0.059731206375651366,
    0.09042431433327673,
    0.13635936899873208
  ],
  "sorted_indices": [
    2,
    12,
    9,
    7,
    11,
    4,
    8,
    0,
    10,
    3,
    1,
    6,
    5
  ]
}